INSERT INTO Country(country_id, country_name, country_money, country_power, surface)
VALUES
    (1, 'United States', 550000, 34.9, 9525067),
    (2, 'China', 400000, 12.4, 9596961),
    (3, 'Russia', 450000, 4.8, 17098246),
    (4, 'Saudi Arabia', 300000, 4.6, 2149690),
    (5, 'France', 250000, 3.6, 640679),
    (6, 'United Kingdom', 250000, 3.5, 242495),
    (7, 'India', 400000, 2.9, 3287263),
    (8, 'Germany', 200000, 2.7, 357114),
    (9, 'Japan', 300000, 2.6, 377976),
    (10, 'South Korea', 350000, 2.1, 100210),
    (11, 'Brazil', 250000, 1.8, 8515767),
    (12, 'Italy', 150000, 1.8, 301339),
    (13, 'Iran', 200000, 0.7, 1648195),
    (14, 'United Arab Emirates', 350000, 1.3, 83600),
    (15, 'Turkey', 150000, 1.3, 783562),
    (16, 'Canada', 250000, 1.0, 9984670);

INSERT INTO Region(region_id, region_name, latitude, longitude)
VALUES
    (1, 'Washington Navy Yard, District of Columbia', 38.87385272533362, -76.99434819192213),
    (2, 'Naval Station Norfolk, Virginia', 36.94860190083388, -76.30230784144287),
    (3, 'Naval Submarine Base New London, Connecticut', 41.38845990575221, -72.0860409556182),
    (4, 'Naval Station Mayport, Florida', 30.378917980509016, -81.41036917448531),
    (5, 'Naval Air Station Pensacola, Florida', 30.35580158252894, -87.28858634124688),
    (6, 'Naval Station Great Lakes, Illinois', 42.31292006818177, -87.83360611537869),
    (7, 'Naval Base San Diego, California', 32.69262649058175, -117.23894666409865),
    (8, 'Naval Base Kitsap, Washington', 47.73525628697015, -122.72411356788614),
    (9, 'Yulin Naval Base, Hainan Island', 19.89667255737461, 110.59736589766844),
    (10, 'Guangzhou', 22.6655578893151, 113.66946561173049),
    (11, 'Haikou', 20.072153943136783, 110.33668657307302),
    (12, 'Shantou', 23.418077942363944, 117.05073318593189),
    (13, 'Mawei', 26.072030013277022, 119.64722645718179),
    (14, 'Beihai', 21.436227026333647, 109.27718014013904),
    (15, 'Polyarnyy', 69.20144467363774, 33.46701740793574),
    (16, 'Olenya Bay', 69.21588721386827, 33.370643535877335),
    (17, 'Gadzhiyevo', 69.26262012089605, 33.34536640644254),
    (18, 'Vidyayevo', 69.3289596137338, 32.825311361700386),
    (19, 'Bolshaya Lopatka', 69.43668572762, 32.42025622766102),
    (20, 'Gremikha Naval Base', 68.07486943683614, 39.464243566195094),
    (21, 'Jeddah', 21.43637192093128, 39.18491895367109),
    (22, 'Jubail', 27.087881744233623, 49.693648038096434),
    (23, 'Toulon', 43.11531425868989, 5.894045813023967),
    (24, 'Brest', 48.383590968222755, -4.453429805674411),
    (25, 'Portsmouth', 50.806035207985914, -1.102382824862317),
    (26, 'Clyde', 55.86556354221277, -4.3509041585137735),
    (27, 'Devonport', 50.369253968315995, -4.184922925718904),
    (28, 'Mumbai', 19.031367742601653, 72.81521789933383),
    (29, 'Goa', 15.38593045081678, 73.83369697084133),
    (30, 'Karwar', 14.818309796418786, 74.12737269725835),
    (31, 'Kochi', 9.942620391672579, 76.24859953202208),
    (32, 'Chennai', 13.003000512006759, 80.26391856226148),
    (33, 'Visakhapatnam', 17.653370479527222, 83.25407679734019),
    (34, 'Kolkata', 22.468960177927332, 88.14537644445514),
    (35, 'Port Blair', 22.762844639105406, 88.36686969661602),
    (36, 'Eckernförde', 54.46593688705585, 9.839424806549326),
    (37, 'Kiel', 54.3624498407026, 10.140177230950323),
    (38, 'Neustadt', 54.09398664222047, 10.819631833872807),
    (39, 'Rostock', 54.17201123320064, 12.059156591332586),
    (40, 'Misawa Navy Air Terminal', 40.701243227779884, 141.38776188733283),
    (41, 'JMSDF Tateyama Air base', 34.98911283235657, 139.84093118005447),
    (42, 'Marine corps Air Station Iwakuni', 34.14223227342435, 132.2250546879984),
    (43, 'Jinhae', 35.1221975565548, 128.67279372362768),
    (44, 'Busan', 35.10984695315287, 129.0977029204909),
    (45, 'Pyeongtaek', 36.92338376972358, 126.90657677951938),
    (46, 'Mokpo', 34.79423413822578, 126.36387741586411),
    (47, 'Incheon', 37.478619393602635, 126.60156848353148),
    (48, 'Pohang', 36.0413489402384, 129.3744481002468),
    (49, 'Jeju Island', 33.51460311294122, 126.49910824406943),
    (50, 'Baengnyeong Island', 37.97249879177614, 124.65856201610687),
    (51, 'Ilha das Cobras', -22.894736580560483, -43.17310959068612),
    (52, 'Porta Ospedale', 44.10380663009697, 9.812453401801635),
    (53, 'Base Comsubin Teseo Tesei', 44.06951152620121, 9.842290591713263),
    (54, 'Abu Musa', 25.873713872125744, 55.03835565742929),
    (55, 'Bouchehr', 28.889689553952792, 50.89799681618702),
    (56, 'Bandar Beheshti', 27.202154407780846, 56.09730540049859),
    (57, 'Port Khalifa', 24.806993317447752, 54.64432272365182),
    (58, 'Mina Zayed', 24.521683834957045, 54.389629955356),
    (59, 'Musaffah Port', 24.36126468330724, 54.46235196327477),
    (60, 'Port Jebel Ali', 25.023446904070937, 55.04062104875374),
    (61, 'Aksaz Naval Base', 36.834237289696425, 28.38974247880915),
    (62, 'Bartın Naval Base', 36.86730193056521, 28.36638207270377),
    (63, 'Erdek Naval Base', 40.39265491276081, 27.805001927921296),
    (64, 'Foça Naval Base', 38.42977970626769, 26.38707917107506),
    (65, 'Gölcük Naval Base', 40.727591539935794, 29.80216542829193),
    (66, 'Halifax', 44.64447389459235, -63.578642647169254),
    (67, 'Esquimalt', 48.43503383977058, -123.41192135079866);

INSERT INTO Country_Region(country_id, region_id)
VALUES
    (1, 1),
    (1, 2),
    (1, 3),
    (1, 4),
    (1, 5),
    (1, 6),
    (1, 7),
    (1, 8),
    (2, 9),
    (2, 10),
    (2, 11),
    (2, 12),
    (2, 13),
    (2, 14),
    (3, 15),
    (3, 16),
    (3, 17),
    (3, 18),
    (3, 19),
    (3, 20),
    (4, 21),
    (4, 22),
    (5, 23),
    (5, 24),
    (6, 25),
    (6, 26),
    (6, 27),
    (7, 28),
    (7, 29),
    (7, 30),
    (7, 31),
    (7, 32),
    (7, 33),
    (7, 34),
    (7, 35),
    (8, 36),
    (8, 37),
    (8, 38),
    (8, 39),
    (9, 40),
    (9, 41),
    (9, 42),
    (10, 43),
    (10, 44),
    (10, 45),
    (10, 46),
    (10, 47),
    (10, 48),
    (10, 49),
    (10, 50),
    (11, 51),
    (12, 52),
    (12, 53),
    (13, 54),
    (13, 55),
    (13, 56),
    (14, 57),
    (14, 58),
    (14, 59),
    (14, 60),
    (15, 61),
    (15, 62),
    (15, 63),
    (15, 64),
    (15, 65),
    (16, 66),
    (16, 67);

INSERT INTO Batiment_type(batiment_type_id, batiment_type_name, batiment_power, max_health, costOfProductionInMillions)
VALUES
  (0, 'Aircraft carriers', 10, 180, 13000), -- Porte-avion
  (1, 'Amphibious warfare ships', 5, 100, 3400) ,-- Navire de guerre amphibie
  (2, 'Cruisers', 9, 150, 550), -- Croiseur
  (3, 'Destroyers', 8, 150, 7500), -- Destroyeur
  (4, 'Frigates', 6, 120, 870), -- Fregates
  (5, 'Littoral combat ships', 5, 110, 70), -- ONLY US
  (6, 'Mine countermeasures ships', 4, 90, 11),
  (7, 'Corvette', 6, 140, 34),
  (8, 'Submarines', 8, 40, 3450),
  (9, 'Ironclad', 8, 200, 1);

INSERT INTO Batiment(batiment_id, region_id, batiment_type_id, batiment_name, latitude, longitude, health, comment, state)
VALUES
(0, 1, 4, 'Frigates', 38.87385272533362, -76.99434819192213, 120, '', 0),
  (1, 1, 5, 'Littoral combat ships', 38.87385272533362, -76.99434819192213, 110, '', 0),
  (2, 1, 9, 'Ironclad', 38.87385272533362, -76.99434819192213, 200, '', 0),
  (3, 1, 4, 'Frigates', 38.87385272533362, -76.99434819192213, 120, '', 0),
  (4, 1, 9, 'Ironclad', 38.87385272533362, -76.99434819192213, 200, '', 0),
  (5, 1, 9, 'Ironclad', 38.87385272533362, -76.99434819192213, 200, '', 0),
  (6, 2, 0, 'Aircraft carriers', 36.94860190083388, -76.30230784144287, 180, '', 0),
  (7, 2, 9, 'Ironclad', 36.94860190083388, -76.30230784144287, 200, '', 0),
  (8, 2, 6, 'Mine countermeasures ships', 36.94860190083388, -76.30230784144287, 90, '', 0),
  (9, 2, 2, 'Cruisers', 36.94860190083388, -76.30230784144287, 150, '', 0),
  (10, 2, 1, 'Amphibious warfare ships', 36.94860190083388, -76.30230784144287, 100, '', 0),
  (11, 3, 5, 'Littoral combat ships', 41.38845990575221, -72.0860409556182, 110, '', 0),
  (12, 3, 6, 'Mine countermeasures ships', 41.38845990575221, -72.0860409556182, 90, '', 0),
  (13, 3, 9, 'Ironclad', 41.38845990575221, -72.0860409556182, 200, '', 0),
  (14, 3, 6, 'Mine countermeasures ships', 41.38845990575221, -72.0860409556182, 90, '', 0),
  (15, 3, 8, 'Submarines', 41.38845990575221, -72.0860409556182, 40, '', 0),
  (16, 3, 1, 'Amphibious warfare ships', 41.38845990575221, -72.0860409556182, 100, '', 0),
  (17, 3, 5, 'Littoral combat ships', 41.38845990575221, -72.0860409556182, 110, '', 0),
  (18, 3, 5, 'Littoral combat ships', 41.38845990575221, -72.0860409556182, 110, '', 0),
  (19, 3, 4, 'Frigates', 41.38845990575221, -72.0860409556182, 120, '', 0),
  (20, 3, 0, 'Aircraft carriers', 41.38845990575221, -72.0860409556182, 180, '', 0),
  (21, 4, 4, 'Frigates', 30.378917980509016, -81.41036917448531, 120, '', 0),
  (22, 4, 2, 'Cruisers', 30.378917980509016, -81.41036917448531, 150, '', 0),
  (23, 4, 3, 'Destroyers', 30.378917980509016, -81.41036917448531, 150, '', 0),
  (24, 4, 2, 'Cruisers', 30.378917980509016, -81.41036917448531, 150, '', 0),
  (25, 4, 0, 'Aircraft carriers', 30.378917980509016, -81.41036917448531, 180, '', 0),
  (26, 4, 7, 'Corvette', 30.378917980509016, -81.41036917448531, 140, '', 0),
  (27, 4, 4, 'Frigates', 30.378917980509016, -81.41036917448531, 120, '', 0),
  (28, 4, 5, 'Littoral combat ships', 30.378917980509016, -81.41036917448531, 110, '', 0),
  (29, 4, 1, 'Amphibious warfare ships', 30.378917980509016, -81.41036917448531, 100, '', 0),
  (30, 4, 4, 'Frigates', 30.378917980509016, -81.41036917448531, 120, '', 0),
  (31, 4, 3, 'Destroyers', 30.378917980509016, -81.41036917448531, 150, '', 0),
  (32, 5, 1, 'Amphibious warfare ships', 30.35580158252894, -87.28858634124688, 100, '', 0),
  (33, 5, 4, 'Frigates', 30.35580158252894, -87.28858634124688, 120, '', 0),
  (34, 5, 2, 'Cruisers', 30.35580158252894, -87.28858634124688, 150, '', 0),
  (35, 5, 4, 'Frigates', 30.35580158252894, -87.28858634124688, 120, '', 0),
  (36, 5, 3, 'Destroyers', 30.35580158252894, -87.28858634124688, 150, '', 0),
  (37, 5, 1, 'Amphibious warfare ships', 30.35580158252894, -87.28858634124688, 100, '', 0),
  (38, 5, 0, 'Aircraft carriers', 30.35580158252894, -87.28858634124688, 180, '', 0),
  (39, 5, 6, 'Mine countermeasures ships', 30.35580158252894, -87.28858634124688, 90, '', 0),
  (40, 5, 6, 'Mine countermeasures ships', 30.35580158252894, -87.28858634124688, 90, '', 0),
  (41, 5, 3, 'Destroyers', 30.35580158252894, -87.28858634124688, 150, '', 0),
  (42, 6, 9, 'Ironclad', 42.31292006818177, -87.83360611537869, 200, '', 0),
  (43, 6, 5, 'Littoral combat ships', 42.31292006818177, -87.83360611537869, 110, '', 0),
  (44, 6, 4, 'Frigates', 42.31292006818177, -87.83360611537869, 120, '', 0),
  (45, 6, 0, 'Aircraft carriers', 42.31292006818177, -87.83360611537869, 180, '', 0),
  (46, 6, 6, 'Mine countermeasures ships', 42.31292006818177, -87.83360611537869, 90, '', 0),
  (47, 6, 8, 'Submarines', 42.31292006818177, -87.83360611537869, 40, '', 0),
  (48, 6, 9, 'Ironclad', 42.31292006818177, -87.83360611537869, 200, '', 0),
  (49, 6, 3, 'Destroyers', 42.31292006818177, -87.83360611537869, 150, '', 0),
  (50, 7, 5, 'Littoral combat ships', 32.69262649058175, -117.23894666409865, 110, '', 0),
  (51, 7, 0, 'Aircraft carriers', 32.69262649058175, -117.23894666409865, 180, '', 0),
  (52, 7, 9, 'Ironclad', 32.69262649058175, -117.23894666409865, 200, '', 0),
  (53, 7, 2, 'Cruisers', 32.69262649058175, -117.23894666409865, 150, '', 0),
  (54, 7, 3, 'Destroyers', 32.69262649058175, -117.23894666409865, 150, '', 0),
  (55, 7, 3, 'Destroyers', 32.69262649058175, -117.23894666409865, 150, '', 0),
  (56, 7, 0, 'Aircraft carriers', 32.69262649058175, -117.23894666409865, 180, '', 0),
  (57, 7, 7, 'Corvette', 32.69262649058175, -117.23894666409865, 140, '', 0),
  (58, 7, 7, 'Corvette', 32.69262649058175, -117.23894666409865, 140, '', 0),
  (59, 7, 0, 'Aircraft carriers', 32.69262649058175, -117.23894666409865, 180, '', 0),
  (60, 7, 8, 'Submarines', 32.69262649058175, -117.23894666409865, 40, '', 0),
  (61, 7, 1, 'Amphibious warfare ships', 32.69262649058175, -117.23894666409865, 100, '', 0),
  (62, 8, 5, 'Littoral combat ships', 47.73525628697015, -122.72411356788614, 110, '', 0),
  (63, 8, 0, 'Aircraft carriers', 47.73525628697015, -122.72411356788614, 180, '', 0),
  (64, 8, 8, 'Submarines', 47.73525628697015, -122.72411356788614, 40, '', 0),
  (65, 8, 2, 'Cruisers', 47.73525628697015, -122.72411356788614, 150, '', 0),
  (66, 8, 8, 'Submarines', 47.73525628697015, -122.72411356788614, 40, '', 0),
  (67, 9, 5, 'Littoral combat ships', 19.89667255737461, 110.59736589766844, 110, '', 0),
  (68, 9, 5, 'Littoral combat ships', 19.89667255737461, 110.59736589766844, 110, '', 0),
  (69, 9, 6, 'Mine countermeasures ships', 19.89667255737461, 110.59736589766844, 90, '', 0),
  (70, 9, 3, 'Destroyers', 19.89667255737461, 110.59736589766844, 150, '', 0),
  (71, 9, 9, 'Ironclad', 19.89667255737461, 110.59736589766844, 200, '', 0),
  (72, 9, 5, 'Littoral combat ships', 19.89667255737461, 110.59736589766844, 110, '', 0),
  (73, 9, 0, 'Aircraft carriers', 19.89667255737461, 110.59736589766844, 180, '', 0),
  (74, 9, 5, 'Littoral combat ships', 19.89667255737461, 110.59736589766844, 110, '', 0),
  (75, 9, 0, 'Aircraft carriers', 19.89667255737461, 110.59736589766844, 180, '', 0),
  (76, 10, 6, 'Mine countermeasures ships', 22.6655578893151, 113.66946561173049, 90, '', 0),
  (77, 10, 6, 'Mine countermeasures ships', 22.6655578893151, 113.66946561173049, 90, '', 0),
  (78, 10, 1, 'Amphibious warfare ships', 22.6655578893151, 113.66946561173049, 100, '', 0),
  (79, 10, 7, 'Corvette', 22.6655578893151, 113.66946561173049, 140, '', 0),
  (80, 10, 3, 'Destroyers', 22.6655578893151, 113.66946561173049, 150, '', 0),
  (81, 10, 5, 'Littoral combat ships', 22.6655578893151, 113.66946561173049, 110, '', 0),
  (82, 10, 8, 'Submarines', 22.6655578893151, 113.66946561173049, 40, '', 0),
  (83, 10, 4, 'Frigates', 22.6655578893151, 113.66946561173049, 120, '', 0),
  (84, 10, 3, 'Destroyers', 22.6655578893151, 113.66946561173049, 150, '', 0),
  (85, 10, 7, 'Corvette', 22.6655578893151, 113.66946561173049, 140, '', 0),
  (86, 10, 4, 'Frigates', 22.6655578893151, 113.66946561173049, 120, '', 0),
  (87, 10, 9, 'Ironclad', 22.6655578893151, 113.66946561173049, 200, '', 0),
  (88, 11, 2, 'Cruisers', 20.072153943136783, 110.33668657307302, 150, '', 0),
  (89, 11, 1, 'Amphibious warfare ships', 20.072153943136783, 110.33668657307302, 100, '', 0),
  (90, 11, 1, 'Amphibious warfare ships', 20.072153943136783, 110.33668657307302, 100, '', 0),
  (91, 11, 5, 'Littoral combat ships', 20.072153943136783, 110.33668657307302, 110, '', 0),
  (92, 11, 6, 'Mine countermeasures ships', 20.072153943136783, 110.33668657307302, 90, '', 0),
  (93, 11, 3, 'Destroyers', 20.072153943136783, 110.33668657307302, 150, '', 0),
  (94, 11, 5, 'Littoral combat ships', 20.072153943136783, 110.33668657307302, 110, '', 0),
  (95, 11, 2, 'Cruisers', 20.072153943136783, 110.33668657307302, 150, '', 0),
  (96, 11, 8, 'Submarines', 20.072153943136783, 110.33668657307302, 40, '', 0),
  (97, 11, 2, 'Cruisers', 20.072153943136783, 110.33668657307302, 150, '', 0),
  (98, 12, 7, 'Corvette', 23.418077942363944, 117.05073318593189, 140, '', 0),
  (99, 12, 5, 'Littoral combat ships', 23.418077942363944, 117.05073318593189, 110, '', 0),
  (100, 12, 0, 'Aircraft carriers', 23.418077942363944, 117.05073318593189, 180, '', 0),
  (101, 12, 9, 'Ironclad', 23.418077942363944, 117.05073318593189, 200, '', 0),
  (102, 12, 3, 'Destroyers', 23.418077942363944, 117.05073318593189, 150, '', 0),
  (103, 12, 9, 'Ironclad', 23.418077942363944, 117.05073318593189, 200, '', 0),
  (104, 12, 5, 'Littoral combat ships', 23.418077942363944, 117.05073318593189, 110, '', 0),
  (105, 12, 4, 'Frigates', 23.418077942363944, 117.05073318593189, 120, '', 0),
  (106, 12, 8, 'Submarines', 23.418077942363944, 117.05073318593189, 40, '', 0),
  (107, 12, 3, 'Destroyers', 23.418077942363944, 117.05073318593189, 150, '', 0),
  (108, 12, 6, 'Mine countermeasures ships', 23.418077942363944, 117.05073318593189, 90, '', 0),
  (109, 12, 0, 'Aircraft carriers', 23.418077942363944, 117.05073318593189, 180, '', 0),
  (110, 13, 8, 'Submarines', 26.072030013277022, 119.64722645718179, 40, '', 0),
  (111, 13, 8, 'Submarines', 26.072030013277022, 119.64722645718179, 40, '', 0),
  (112, 13, 7, 'Corvette', 26.072030013277022, 119.64722645718179, 140, '', 0),
  (113, 13, 4, 'Frigates', 26.072030013277022, 119.64722645718179, 120, '', 0),
  (114, 13, 6, 'Mine countermeasures ships', 26.072030013277022, 119.64722645718179, 90, '', 0),
  (115, 13, 7, 'Corvette', 26.072030013277022, 119.64722645718179, 140, '', 0),
  (116, 13, 5, 'Littoral combat ships', 26.072030013277022, 119.64722645718179, 110, '', 0),
  (117, 13, 7, 'Corvette', 26.072030013277022, 119.64722645718179, 140, '', 0),
  (118, 13, 2, 'Cruisers', 26.072030013277022, 119.64722645718179, 150, '', 0),
  (119, 14, 8, 'Submarines', 21.436227026333647, 109.27718014013904, 40, '', 0),
  (120, 14, 4, 'Frigates', 21.436227026333647, 109.27718014013904, 120, '', 0),
  (121, 14, 0, 'Aircraft carriers', 21.436227026333647, 109.27718014013904, 180, '', 0),
  (122, 14, 4, 'Frigates', 21.436227026333647, 109.27718014013904, 120, '', 0),
  (123, 14, 1, 'Amphibious warfare ships', 21.436227026333647, 109.27718014013904, 100, '', 0),
  (124, 14, 5, 'Littoral combat ships', 21.436227026333647, 109.27718014013904, 110, '', 0),
  (125, 14, 1, 'Amphibious warfare ships', 21.436227026333647, 109.27718014013904, 100, '', 0),
  (126, 14, 1, 'Amphibious warfare ships', 21.436227026333647, 109.27718014013904, 100, '', 0),
  (127, 14, 4, 'Frigates', 21.436227026333647, 109.27718014013904, 120, '', 0),
  (128, 14, 9, 'Ironclad', 21.436227026333647, 109.27718014013904, 200, '', 0),
  (129, 15, 1, 'Amphibious warfare ships', 69.20144467363774, 33.46701740793574, 100, '', 0),
  (130, 15, 6, 'Mine countermeasures ships', 69.20144467363774, 33.46701740793574, 90, '', 0),
  (131, 15, 9, 'Ironclad', 69.20144467363774, 33.46701740793574, 200, '', 0),
  (132, 15, 4, 'Frigates', 69.20144467363774, 33.46701740793574, 120, '', 0),
  (133, 15, 1, 'Amphibious warfare ships', 69.20144467363774, 33.46701740793574, 100, '', 0),
  (134, 15, 3, 'Destroyers', 69.20144467363774, 33.46701740793574, 150, '', 0),
  (135, 15, 4, 'Frigates', 69.20144467363774, 33.46701740793574, 120, '', 0),
  (136, 15, 5, 'Littoral combat ships', 69.20144467363774, 33.46701740793574, 110, '', 0),
  (137, 15, 7, 'Corvette', 69.20144467363774, 33.46701740793574, 140, '', 0),
  (138, 16, 4, 'Frigates', 69.21588721386827, 33.370643535877335, 120, '', 0),
  (139, 16, 3, 'Destroyers', 69.21588721386827, 33.370643535877335, 150, '', 0),
  (140, 16, 3, 'Destroyers', 69.21588721386827, 33.370643535877335, 150, '', 0),
  (141, 16, 0, 'Aircraft carriers', 69.21588721386827, 33.370643535877335, 180, '', 0),
  (142, 16, 4, 'Frigates', 69.21588721386827, 33.370643535877335, 120, '', 0),
  (143, 16, 9, 'Ironclad', 69.21588721386827, 33.370643535877335, 200, '', 0),
  (144, 17, 0, 'Aircraft carriers', 69.26262012089605, 33.34536640644254, 180, '', 0),
  (145, 17, 4, 'Frigates', 69.26262012089605, 33.34536640644254, 120, '', 0),
  (146, 17, 1, 'Amphibious warfare ships', 69.26262012089605, 33.34536640644254, 100, '', 0),
  (147, 17, 0, 'Aircraft carriers', 69.26262012089605, 33.34536640644254, 180, '', 0),
  (148, 17, 7, 'Corvette', 69.26262012089605, 33.34536640644254, 140, '', 0),
  (149, 17, 8, 'Submarines', 69.26262012089605, 33.34536640644254, 40, '', 0),
  (150, 17, 3, 'Destroyers', 69.26262012089605, 33.34536640644254, 150, '', 0),
  (151, 17, 0, 'Aircraft carriers', 69.26262012089605, 33.34536640644254, 180, '', 0),
  (152, 17, 9, 'Ironclad', 69.26262012089605, 33.34536640644254, 200, '', 0),
  (153, 17, 1, 'Amphibious warfare ships', 69.26262012089605, 33.34536640644254, 100, '', 0),
  (154, 17, 0, 'Aircraft carriers', 69.26262012089605, 33.34536640644254, 180, '', 0),
  (155, 18, 7, 'Corvette', 69.3289596137338, 32.825311361700386, 140, '', 0),
  (156, 18, 2, 'Cruisers', 69.3289596137338, 32.825311361700386, 150, '', 0),
  (157, 18, 6, 'Mine countermeasures ships', 69.3289596137338, 32.825311361700386, 90, '', 0),
  (158, 18, 1, 'Amphibious warfare ships', 69.3289596137338, 32.825311361700386, 100, '', 0),
  (159, 18, 9, 'Ironclad', 69.3289596137338, 32.825311361700386, 200, '', 0),
  (160, 19, 5, 'Littoral combat ships', 69.43668572762, 32.42025622766102, 110, '', 0),
  (161, 19, 9, 'Ironclad', 69.43668572762, 32.42025622766102, 200, '', 0),
  (162, 19, 4, 'Frigates', 69.43668572762, 32.42025622766102, 120, '', 0),
  (163, 19, 9, 'Ironclad', 69.43668572762, 32.42025622766102, 200, '', 0),
  (164, 19, 7, 'Corvette', 69.43668572762, 32.42025622766102, 140, '', 0),
  (165, 19, 7, 'Corvette', 69.43668572762, 32.42025622766102, 140, '', 0),
  (166, 19, 8, 'Submarines', 69.43668572762, 32.42025622766102, 40, '', 0),
  (167, 19, 5, 'Littoral combat ships', 69.43668572762, 32.42025622766102, 110, '', 0),
  (168, 19, 7, 'Corvette', 69.43668572762, 32.42025622766102, 140, '', 0),
  (169, 20, 6, 'Mine countermeasures ships', 68.07486943683614, 39.464243566195094, 90, '', 0),
  (170, 20, 0, 'Aircraft carriers', 68.07486943683614, 39.464243566195094, 180, '', 0),
  (171, 20, 1, 'Amphibious warfare ships', 68.07486943683614, 39.464243566195094, 100, '', 0),
  (172, 20, 9, 'Ironclad', 68.07486943683614, 39.464243566195094, 200, '', 0),
  (173, 20, 1, 'Amphibious warfare ships', 68.07486943683614, 39.464243566195094, 100, '', 0),
  (174, 20, 4, 'Frigates', 68.07486943683614, 39.464243566195094, 120, '', 0),
  (175, 20, 6, 'Mine countermeasures ships', 68.07486943683614, 39.464243566195094, 90, '', 0),
  (176, 20, 9, 'Ironclad', 68.07486943683614, 39.464243566195094, 200, '', 0),
  (177, 20, 1, 'Amphibious warfare ships', 68.07486943683614, 39.464243566195094, 100, '', 0),
  (178, 20, 9, 'Ironclad', 68.07486943683614, 39.464243566195094, 200, '', 0),
  (179, 21, 2, 'Cruisers', 21.43637192093128, 39.18491895367109, 150, '', 0),
  (180, 21, 9, 'Ironclad', 21.43637192093128, 39.18491895367109, 200, '', 0),
  (181, 21, 8, 'Submarines', 21.43637192093128, 39.18491895367109, 40, '', 0),
  (182, 21, 9, 'Ironclad', 21.43637192093128, 39.18491895367109, 200, '', 0),
  (183, 21, 3, 'Destroyers', 21.43637192093128, 39.18491895367109, 150, '', 0),
  (184, 21, 6, 'Mine countermeasures ships', 21.43637192093128, 39.18491895367109, 90, '', 0),
  (185, 21, 0, 'Aircraft carriers', 21.43637192093128, 39.18491895367109, 180, '', 0),
  (186, 22, 3, 'Destroyers', 27.087881744233623, 49.693648038096434, 150, '', 0),
  (187, 22, 2, 'Cruisers', 27.087881744233623, 49.693648038096434, 150, '', 0),
  (188, 22, 1, 'Amphibious warfare ships', 27.087881744233623, 49.693648038096434, 100, '', 0),
  (189, 22, 6, 'Mine countermeasures ships', 27.087881744233623, 49.693648038096434, 90, '', 0),
  (190, 22, 9, 'Ironclad', 27.087881744233623, 49.693648038096434, 200, '', 0),
  (191, 22, 8, 'Submarines', 27.087881744233623, 49.693648038096434, 40, '', 0),
  (192, 22, 8, 'Submarines', 27.087881744233623, 49.693648038096434, 40, '', 0),
  (193, 22, 3, 'Destroyers', 27.087881744233623, 49.693648038096434, 150, '', 0),
  (194, 22, 2, 'Cruisers', 27.087881744233623, 49.693648038096434, 150, '', 0),
  (195, 22, 2, 'Cruisers', 27.087881744233623, 49.693648038096434, 150, '', 0),
  (196, 22, 6, 'Mine countermeasures ships', 27.087881744233623, 49.693648038096434, 90, '', 0),
  (197, 22, 9, 'Ironclad', 27.087881744233623, 49.693648038096434, 200, '', 0),
  (198, 23, 5, 'Littoral combat ships', 43.11531425868989, 5.894045813023967, 110, '', 0),
  (199, 23, 3, 'Destroyers', 43.11531425868989, 5.894045813023967, 150, '', 0),
  (200, 23, 6, 'Mine countermeasures ships', 43.11531425868989, 5.894045813023967, 90, '', 0),
  (201, 23, 8, 'Submarines', 43.11531425868989, 5.894045813023967, 40, '', 0),
  (202, 23, 7, 'Corvette', 43.11531425868989, 5.894045813023967, 140, '', 0),
  (203, 23, 2, 'Cruisers', 43.11531425868989, 5.894045813023967, 150, '', 0),
  (204, 23, 4, 'Frigates', 43.11531425868989, 5.894045813023967, 120, '', 0),
  (205, 23, 8, 'Submarines', 43.11531425868989, 5.894045813023967, 40, '', 0),
  (206, 23, 7, 'Corvette', 43.11531425868989, 5.894045813023967, 140, '', 0),
  (207, 23, 2, 'Cruisers', 43.11531425868989, 5.894045813023967, 150, '', 0),
  (208, 23, 0, 'Aircraft carriers', 43.11531425868989, 5.894045813023967, 180, '', 0),
  (209, 23, 1, 'Amphibious warfare ships', 43.11531425868989, 5.894045813023967, 100, '', 0),
  (210, 24, 6, 'Mine countermeasures ships', 48.383590968222755, -4.453429805674411, 90, '', 0),
  (211, 24, 3, 'Destroyers', 48.383590968222755, -4.453429805674411, 150, '', 0),
  (212, 24, 3, 'Destroyers', 48.383590968222755, -4.453429805674411, 150, '', 0),
  (213, 24, 6, 'Mine countermeasures ships', 48.383590968222755, -4.453429805674411, 90, '', 0),
  (214, 24, 9, 'Ironclad', 48.383590968222755, -4.453429805674411, 200, '', 0),
  (215, 24, 6, 'Mine countermeasures ships', 48.383590968222755, -4.453429805674411, 90, '', 0),
  (216, 24, 5, 'Littoral combat ships', 48.383590968222755, -4.453429805674411, 110, '', 0),
  (217, 24, 5, 'Littoral combat ships', 48.383590968222755, -4.453429805674411, 110, '', 0),
  (218, 25, 0, 'Aircraft carriers', 50.806035207985914, -1.102382824862317, 180, '', 0),
  (219, 25, 2, 'Cruisers', 50.806035207985914, -1.102382824862317, 150, '', 0),
  (220, 25, 6, 'Mine countermeasures ships', 50.806035207985914, -1.102382824862317, 90, '', 0),
  (221, 25, 2, 'Cruisers', 50.806035207985914, -1.102382824862317, 150, '', 0),
  (222, 25, 0, 'Aircraft carriers', 50.806035207985914, -1.102382824862317, 180, '', 0),
  (223, 25, 7, 'Corvette', 50.806035207985914, -1.102382824862317, 140, '', 0),
  (224, 25, 3, 'Destroyers', 50.806035207985914, -1.102382824862317, 150, '', 0),
  (225, 25, 1, 'Amphibious warfare ships', 50.806035207985914, -1.102382824862317, 100, '', 0),
  (226, 26, 0, 'Aircraft carriers', 55.86556354221277, -4.3509041585137735, 180, '', 0),
  (227, 26, 3, 'Destroyers', 55.86556354221277, -4.3509041585137735, 150, '', 0),
  (228, 26, 7, 'Corvette', 55.86556354221277, -4.3509041585137735, 140, '', 0),
  (229, 26, 0, 'Aircraft carriers', 55.86556354221277, -4.3509041585137735, 180, '', 0),
  (230, 26, 5, 'Littoral combat ships', 55.86556354221277, -4.3509041585137735, 110, '', 0),
  (231, 26, 1, 'Amphibious warfare ships', 55.86556354221277, -4.3509041585137735, 100, '', 0),
  (232, 26, 7, 'Corvette', 55.86556354221277, -4.3509041585137735, 140, '', 0),
  (233, 26, 8, 'Submarines', 55.86556354221277, -4.3509041585137735, 40, '', 0),
  (234, 27, 5, 'Littoral combat ships', 50.369253968315995, -4.184922925718904, 110, '', 0),
  (235, 27, 0, 'Aircraft carriers', 50.369253968315995, -4.184922925718904, 180, '', 0),
  (236, 27, 0, 'Aircraft carriers', 50.369253968315995, -4.184922925718904, 180, '', 0),
  (237, 27, 1, 'Amphibious warfare ships', 50.369253968315995, -4.184922925718904, 100, '', 0),
  (238, 27, 7, 'Corvette', 50.369253968315995, -4.184922925718904, 140, '', 0),
  (239, 28, 9, 'Ironclad', 19.031367742601653, 72.81521789933383, 200, '', 0),
  (240, 28, 6, 'Mine countermeasures ships', 19.031367742601653, 72.81521789933383, 90, '', 0),
  (241, 28, 3, 'Destroyers', 19.031367742601653, 72.81521789933383, 150, '', 0),
  (242, 28, 1, 'Amphibious warfare ships', 19.031367742601653, 72.81521789933383, 100, '', 0),
  (243, 28, 7, 'Corvette', 19.031367742601653, 72.81521789933383, 140, '', 0),
  (244, 28, 6, 'Mine countermeasures ships', 19.031367742601653, 72.81521789933383, 90, '', 0),
  (245, 28, 3, 'Destroyers', 19.031367742601653, 72.81521789933383, 150, '', 0),
  (246, 28, 9, 'Ironclad', 19.031367742601653, 72.81521789933383, 200, '', 0),
  (247, 28, 2, 'Cruisers', 19.031367742601653, 72.81521789933383, 150, '', 0),
  (248, 28, 4, 'Frigates', 19.031367742601653, 72.81521789933383, 120, '', 0),
  (249, 28, 0, 'Aircraft carriers', 19.031367742601653, 72.81521789933383, 180, '', 0),
  (250, 29, 4, 'Frigates', 15.38593045081678, 73.83369697084133, 120, '', 0),
  (251, 29, 9, 'Ironclad', 15.38593045081678, 73.83369697084133, 200, '', 0),
  (252, 29, 2, 'Cruisers', 15.38593045081678, 73.83369697084133, 150, '', 0),
  (253, 29, 8, 'Submarines', 15.38593045081678, 73.83369697084133, 40, '', 0),
  (254, 29, 6, 'Mine countermeasures ships', 15.38593045081678, 73.83369697084133, 90, '', 0),
  (255, 29, 1, 'Amphibious warfare ships', 15.38593045081678, 73.83369697084133, 100, '', 0),
  (256, 29, 1, 'Amphibious warfare ships', 15.38593045081678, 73.83369697084133, 100, '', 0),
  (257, 29, 1, 'Amphibious warfare ships', 15.38593045081678, 73.83369697084133, 100, '', 0),
  (258, 29, 1, 'Amphibious warfare ships', 15.38593045081678, 73.83369697084133, 100, '', 0),
  (259, 30, 4, 'Frigates', 14.818309796418786, 74.12737269725835, 120, '', 0),
  (260, 30, 9, 'Ironclad', 14.818309796418786, 74.12737269725835, 200, '', 0),
  (261, 30, 5, 'Littoral combat ships', 14.818309796418786, 74.12737269725835, 110, '', 0),
  (262, 30, 6, 'Mine countermeasures ships', 14.818309796418786, 74.12737269725835, 90, '', 0),
  (263, 30, 1, 'Amphibious warfare ships', 14.818309796418786, 74.12737269725835, 100, '', 0),
  (264, 30, 4, 'Frigates', 14.818309796418786, 74.12737269725835, 120, '', 0),
  (265, 30, 5, 'Littoral combat ships', 14.818309796418786, 74.12737269725835, 110, '', 0),
  (266, 30, 5, 'Littoral combat ships', 14.818309796418786, 74.12737269725835, 110, '', 0),
  (267, 30, 2, 'Cruisers', 14.818309796418786, 74.12737269725835, 150, '', 0),
  (268, 30, 1, 'Amphibious warfare ships', 14.818309796418786, 74.12737269725835, 100, '', 0),
  (269, 30, 6, 'Mine countermeasures ships', 14.818309796418786, 74.12737269725835, 90, '', 0),
  (270, 31, 1, 'Amphibious warfare ships', 9.942620391672579, 76.24859953202208, 100, '', 0),
  (271, 31, 1, 'Amphibious warfare ships', 9.942620391672579, 76.24859953202208, 100, '', 0),
  (272, 31, 6, 'Mine countermeasures ships', 9.942620391672579, 76.24859953202208, 90, '', 0),
  (273, 31, 0, 'Aircraft carriers', 9.942620391672579, 76.24859953202208, 180, '', 0),
  (274, 31, 7, 'Corvette', 9.942620391672579, 76.24859953202208, 140, '', 0),
  (275, 31, 1, 'Amphibious warfare ships', 9.942620391672579, 76.24859953202208, 100, '', 0),
  (276, 31, 1, 'Amphibious warfare ships', 9.942620391672579, 76.24859953202208, 100, '', 0),
  (277, 31, 7, 'Corvette', 9.942620391672579, 76.24859953202208, 140, '', 0),
  (278, 31, 8, 'Submarines', 9.942620391672579, 76.24859953202208, 40, '', 0),
  (279, 31, 8, 'Submarines', 9.942620391672579, 76.24859953202208, 40, '', 0),
  (280, 32, 2, 'Cruisers', 13.003000512006759, 80.26391856226148, 150, '', 0),
  (281, 32, 3, 'Destroyers', 13.003000512006759, 80.26391856226148, 150, '', 0),
  (282, 32, 6, 'Mine countermeasures ships', 13.003000512006759, 80.26391856226148, 90, '', 0),
  (283, 32, 2, 'Cruisers', 13.003000512006759, 80.26391856226148, 150, '', 0),
  (284, 32, 8, 'Submarines', 13.003000512006759, 80.26391856226148, 40, '', 0),
  (285, 33, 0, 'Aircraft carriers', 17.653370479527222, 83.25407679734019, 180, '', 0),
  (286, 33, 2, 'Cruisers', 17.653370479527222, 83.25407679734019, 150, '', 0),
  (287, 33, 6, 'Mine countermeasures ships', 17.653370479527222, 83.25407679734019, 90, '', 0),
  (288, 33, 0, 'Aircraft carriers', 17.653370479527222, 83.25407679734019, 180, '', 0),
  (289, 33, 4, 'Frigates', 17.653370479527222, 83.25407679734019, 120, '', 0),
  (290, 33, 4, 'Frigates', 17.653370479527222, 83.25407679734019, 120, '', 0),
  (291, 33, 9, 'Ironclad', 17.653370479527222, 83.25407679734019, 200, '', 0),
  (292, 34, 7, 'Corvette', 22.468960177927332, 88.14537644445514, 140, '', 0),
  (293, 34, 6, 'Mine countermeasures ships', 22.468960177927332, 88.14537644445514, 90, '', 0),
  (294, 34, 4, 'Frigates', 22.468960177927332, 88.14537644445514, 120, '', 0),
  (295, 34, 0, 'Aircraft carriers', 22.468960177927332, 88.14537644445514, 180, '', 0),
  (296, 34, 7, 'Corvette', 22.468960177927332, 88.14537644445514, 140, '', 0),
  (297, 35, 3, 'Destroyers', 22.762844639105406, 88.36686969661602, 150, '', 0),
  (298, 35, 0, 'Aircraft carriers', 22.762844639105406, 88.36686969661602, 180, '', 0),
  (299, 35, 6, 'Mine countermeasures ships', 22.762844639105406, 88.36686969661602, 90, '', 0),
  (300, 35, 1, 'Amphibious warfare ships', 22.762844639105406, 88.36686969661602, 100, '', 0),
  (301, 35, 3, 'Destroyers', 22.762844639105406, 88.36686969661602, 150, '', 0),
  (302, 35, 7, 'Corvette', 22.762844639105406, 88.36686969661602, 140, '', 0),
  (303, 35, 0, 'Aircraft carriers', 22.762844639105406, 88.36686969661602, 180, '', 0),
  (304, 35, 3, 'Destroyers', 22.762844639105406, 88.36686969661602, 150, '', 0),
  (305, 35, 2, 'Cruisers', 22.762844639105406, 88.36686969661602, 150, '', 0),
  (306, 35, 7, 'Corvette', 22.762844639105406, 88.36686969661602, 140, '', 0),
  (307, 36, 5, 'Littoral combat ships', 54.46593688705585, 9.839424806549326, 110, '', 0),
  (308, 36, 2, 'Cruisers', 54.46593688705585, 9.839424806549326, 150, '', 0),
  (309, 36, 2, 'Cruisers', 54.46593688705585, 9.839424806549326, 150, '', 0),
  (310, 36, 6, 'Mine countermeasures ships', 54.46593688705585, 9.839424806549326, 90, '', 0),
  (311, 36, 6, 'Mine countermeasures ships', 54.46593688705585, 9.839424806549326, 90, '', 0),
  (312, 36, 0, 'Aircraft carriers', 54.46593688705585, 9.839424806549326, 180, '', 0),
  (313, 37, 6, 'Mine countermeasures ships', 54.3624498407026, 10.140177230950323, 90, '', 0),
  (314, 37, 4, 'Frigates', 54.3624498407026, 10.140177230950323, 120, '', 0),
  (315, 37, 2, 'Cruisers', 54.3624498407026, 10.140177230950323, 150, '', 0),
  (316, 37, 0, 'Aircraft carriers', 54.3624498407026, 10.140177230950323, 180, '', 0),
  (317, 37, 6, 'Mine countermeasures ships', 54.3624498407026, 10.140177230950323, 90, '', 0),
  (318, 37, 0, 'Aircraft carriers', 54.3624498407026, 10.140177230950323, 180, '', 0),
  (319, 37, 5, 'Littoral combat ships', 54.3624498407026, 10.140177230950323, 110, '', 0),
  (320, 38, 4, 'Frigates', 54.09398664222047, 10.819631833872807, 120, '', 0),
  (321, 38, 1, 'Amphibious warfare ships', 54.09398664222047, 10.819631833872807, 100, '', 0),
  (322, 38, 3, 'Destroyers', 54.09398664222047, 10.819631833872807, 150, '', 0),
  (323, 38, 5, 'Littoral combat ships', 54.09398664222047, 10.819631833872807, 110, '', 0),
  (324, 38, 9, 'Ironclad', 54.09398664222047, 10.819631833872807, 200, '', 0),
  (325, 38, 6, 'Mine countermeasures ships', 54.09398664222047, 10.819631833872807, 90, '', 0),
  (326, 39, 3, 'Destroyers', 54.17201123320064, 12.059156591332586, 150, '', 0),
  (327, 39, 8, 'Submarines', 54.17201123320064, 12.059156591332586, 40, '', 0),
  (328, 39, 5, 'Littoral combat ships', 54.17201123320064, 12.059156591332586, 110, '', 0),
  (329, 39, 9, 'Ironclad', 54.17201123320064, 12.059156591332586, 200, '', 0),
  (330, 39, 0, 'Aircraft carriers', 54.17201123320064, 12.059156591332586, 180, '', 0),
  (331, 39, 5, 'Littoral combat ships', 54.17201123320064, 12.059156591332586, 110, '', 0),
  (332, 39, 8, 'Submarines', 54.17201123320064, 12.059156591332586, 40, '', 0),
  (333, 39, 5, 'Littoral combat ships', 54.17201123320064, 12.059156591332586, 110, '', 0),
  (334, 39, 7, 'Corvette', 54.17201123320064, 12.059156591332586, 140, '', 0),
  (335, 39, 1, 'Amphibious warfare ships', 54.17201123320064, 12.059156591332586, 100, '', 0),
  (336, 40, 0, 'Aircraft carriers', 40.701243227779884, 141.38776188733283, 180, '', 0),
  (337, 40, 6, 'Mine countermeasures ships', 40.701243227779884, 141.38776188733283, 90, '', 0),
  (338, 40, 0, 'Aircraft carriers', 40.701243227779884, 141.38776188733283, 180, '', 0),
  (339, 40, 5, 'Littoral combat ships', 40.701243227779884, 141.38776188733283, 110, '', 0),
  (340, 40, 4, 'Frigates', 40.701243227779884, 141.38776188733283, 120, '', 0),
  (341, 40, 3, 'Destroyers', 40.701243227779884, 141.38776188733283, 150, '', 0),
  (342, 40, 1, 'Amphibious warfare ships', 40.701243227779884, 141.38776188733283, 100, '', 0),
  (343, 40, 4, 'Frigates', 40.701243227779884, 141.38776188733283, 120, '', 0),
  (344, 40, 6, 'Mine countermeasures ships', 40.701243227779884, 141.38776188733283, 90, '', 0),
  (345, 40, 3, 'Destroyers', 40.701243227779884, 141.38776188733283, 150, '', 0),
  (346, 40, 3, 'Destroyers', 40.701243227779884, 141.38776188733283, 150, '', 0),
  (347, 40, 9, 'Ironclad', 40.701243227779884, 141.38776188733283, 200, '', 0),
  (348, 41, 5, 'Littoral combat ships', 34.98911283235657, 139.84093118005447, 110, '', 0),
  (349, 41, 3, 'Destroyers', 34.98911283235657, 139.84093118005447, 150, '', 0),
  (350, 41, 9, 'Ironclad', 34.98911283235657, 139.84093118005447, 200, '', 0),
  (351, 41, 8, 'Submarines', 34.98911283235657, 139.84093118005447, 40, '', 0),
  (352, 41, 0, 'Aircraft carriers', 34.98911283235657, 139.84093118005447, 180, '', 0),
  (353, 41, 4, 'Frigates', 34.98911283235657, 139.84093118005447, 120, '', 0),
  (354, 41, 3, 'Destroyers', 34.98911283235657, 139.84093118005447, 150, '', 0),
  (355, 41, 3, 'Destroyers', 34.98911283235657, 139.84093118005447, 150, '', 0),
  (356, 41, 2, 'Cruisers', 34.98911283235657, 139.84093118005447, 150, '', 0),
  (357, 41, 6, 'Mine countermeasures ships', 34.98911283235657, 139.84093118005447, 90, '', 0),
  (358, 42, 9, 'Ironclad', 34.14223227342435, 132.2250546879984, 200, '', 0),
  (359, 42, 4, 'Frigates', 34.14223227342435, 132.2250546879984, 120, '', 0),
  (360, 42, 0, 'Aircraft carriers', 34.14223227342435, 132.2250546879984, 180, '', 0),
  (361, 42, 4, 'Frigates', 34.14223227342435, 132.2250546879984, 120, '', 0),
  (362, 42, 2, 'Cruisers', 34.14223227342435, 132.2250546879984, 150, '', 0),
  (363, 42, 5, 'Littoral combat ships', 34.14223227342435, 132.2250546879984, 110, '', 0),
  (364, 42, 5, 'Littoral combat ships', 34.14223227342435, 132.2250546879984, 110, '', 0),
  (365, 42, 6, 'Mine countermeasures ships', 34.14223227342435, 132.2250546879984, 90, '', 0),
  (366, 42, 4, 'Frigates', 34.14223227342435, 132.2250546879984, 120, '', 0),
  (367, 42, 4, 'Frigates', 34.14223227342435, 132.2250546879984, 120, '', 0),
  (368, 42, 6, 'Mine countermeasures ships', 34.14223227342435, 132.2250546879984, 90, '', 0),
  (369, 43, 3, 'Destroyers', 35.1221975565548, 128.67279372362768, 150, '', 0),
  (370, 43, 6, 'Mine countermeasures ships', 35.1221975565548, 128.67279372362768, 90, '', 0),
  (371, 43, 2, 'Cruisers', 35.1221975565548, 128.67279372362768, 150, '', 0),
  (372, 43, 5, 'Littoral combat ships', 35.1221975565548, 128.67279372362768, 110, '', 0),
  (373, 43, 5, 'Littoral combat ships', 35.1221975565548, 128.67279372362768, 110, '', 0),
  (374, 43, 6, 'Mine countermeasures ships', 35.1221975565548, 128.67279372362768, 90, '', 0),
  (375, 43, 9, 'Ironclad', 35.1221975565548, 128.67279372362768, 200, '', 0),
  (376, 43, 4, 'Frigates', 35.1221975565548, 128.67279372362768, 120, '', 0),
  (377, 43, 5, 'Littoral combat ships', 35.1221975565548, 128.67279372362768, 110, '', 0),
  (378, 43, 6, 'Mine countermeasures ships', 35.1221975565548, 128.67279372362768, 90, '', 0),
  (379, 43, 8, 'Submarines', 35.1221975565548, 128.67279372362768, 40, '', 0),
  (380, 43, 2, 'Cruisers', 35.1221975565548, 128.67279372362768, 150, '', 0),
  (381, 44, 7, 'Corvette', 35.10984695315287, 129.0977029204909, 140, '', 0),
  (382, 44, 9, 'Ironclad', 35.10984695315287, 129.0977029204909, 200, '', 0),
  (383, 44, 3, 'Destroyers', 35.10984695315287, 129.0977029204909, 150, '', 0),
  (384, 44, 2, 'Cruisers', 35.10984695315287, 129.0977029204909, 150, '', 0),
  (385, 44, 8, 'Submarines', 35.10984695315287, 129.0977029204909, 40, '', 0),
  (386, 44, 6, 'Mine countermeasures ships', 35.10984695315287, 129.0977029204909, 90, '', 0),
  (387, 44, 3, 'Destroyers', 35.10984695315287, 129.0977029204909, 150, '', 0),
  (388, 44, 1, 'Amphibious warfare ships', 35.10984695315287, 129.0977029204909, 100, '', 0),
  (389, 44, 5, 'Littoral combat ships', 35.10984695315287, 129.0977029204909, 110, '', 0),
  (390, 45, 4, 'Frigates', 36.92338376972358, 126.90657677951938, 120, '', 0),
  (391, 45, 7, 'Corvette', 36.92338376972358, 126.90657677951938, 140, '', 0),
  (392, 45, 0, 'Aircraft carriers', 36.92338376972358, 126.90657677951938, 180, '', 0),
  (393, 45, 7, 'Corvette', 36.92338376972358, 126.90657677951938, 140, '', 0),
  (394, 45, 2, 'Cruisers', 36.92338376972358, 126.90657677951938, 150, '', 0),
  (395, 46, 1, 'Amphibious warfare ships', 34.79423413822578, 126.36387741586411, 100, '', 0),
  (396, 46, 4, 'Frigates', 34.79423413822578, 126.36387741586411, 120, '', 0),
  (397, 46, 1, 'Amphibious warfare ships', 34.79423413822578, 126.36387741586411, 100, '', 0),
  (398, 46, 7, 'Corvette', 34.79423413822578, 126.36387741586411, 140, '', 0),
  (399, 46, 0, 'Aircraft carriers', 34.79423413822578, 126.36387741586411, 180, '', 0),
  (400, 46, 3, 'Destroyers', 34.79423413822578, 126.36387741586411, 150, '', 0),
  (401, 46, 4, 'Frigates', 34.79423413822578, 126.36387741586411, 120, '', 0),
  (402, 46, 1, 'Amphibious warfare ships', 34.79423413822578, 126.36387741586411, 100, '', 0),
  (403, 46, 9, 'Ironclad', 34.79423413822578, 126.36387741586411, 200, '', 0),
  (404, 47, 3, 'Destroyers', 37.478619393602635, 126.60156848353148, 150, '', 0),
  (405, 47, 9, 'Ironclad', 37.478619393602635, 126.60156848353148, 200, '', 0),
  (406, 47, 7, 'Corvette', 37.478619393602635, 126.60156848353148, 140, '', 0),
  (407, 47, 4, 'Frigates', 37.478619393602635, 126.60156848353148, 120, '', 0),
  (408, 47, 8, 'Submarines', 37.478619393602635, 126.60156848353148, 40, '', 0),
  (409, 47, 4, 'Frigates', 37.478619393602635, 126.60156848353148, 120, '', 0),
  (410, 47, 3, 'Destroyers', 37.478619393602635, 126.60156848353148, 150, '', 0),
  (411, 47, 4, 'Frigates', 37.478619393602635, 126.60156848353148, 120, '', 0),
  (412, 47, 4, 'Frigates', 37.478619393602635, 126.60156848353148, 120, '', 0),
  (413, 47, 8, 'Submarines', 37.478619393602635, 126.60156848353148, 40, '', 0),
  (414, 48, 6, 'Mine countermeasures ships', 36.0413489402384, 129.3744481002468, 90, '', 0),
  (415, 48, 6, 'Mine countermeasures ships', 36.0413489402384, 129.3744481002468, 90, '', 0),
  (416, 48, 4, 'Frigates', 36.0413489402384, 129.3744481002468, 120, '', 0),
  (417, 48, 9, 'Ironclad', 36.0413489402384, 129.3744481002468, 200, '', 0),
  (418, 48, 7, 'Corvette', 36.0413489402384, 129.3744481002468, 140, '', 0),
  (419, 48, 6, 'Mine countermeasures ships', 36.0413489402384, 129.3744481002468, 90, '', 0),
  (420, 48, 7, 'Corvette', 36.0413489402384, 129.3744481002468, 140, '', 0),
  (421, 48, 8, 'Submarines', 36.0413489402384, 129.3744481002468, 40, '', 0),
  (422, 48, 8, 'Submarines', 36.0413489402384, 129.3744481002468, 40, '', 0),
  (423, 48, 1, 'Amphibious warfare ships', 36.0413489402384, 129.3744481002468, 100, '', 0),
  (424, 48, 8, 'Submarines', 36.0413489402384, 129.3744481002468, 40, '', 0),
  (425, 49, 3, 'Destroyers', 33.51460311294122, 126.49910824406943, 150, '', 0),
  (426, 49, 4, 'Frigates', 33.51460311294122, 126.49910824406943, 120, '', 0),
  (427, 49, 4, 'Frigates', 33.51460311294122, 126.49910824406943, 120, '', 0),
  (428, 49, 8, 'Submarines', 33.51460311294122, 126.49910824406943, 40, '', 0),
  (429, 49, 2, 'Cruisers', 33.51460311294122, 126.49910824406943, 150, '', 0),
  (430, 49, 6, 'Mine countermeasures ships', 33.51460311294122, 126.49910824406943, 90, '', 0),
  (431, 49, 7, 'Corvette', 33.51460311294122, 126.49910824406943, 140, '', 0),
  (432, 49, 3, 'Destroyers', 33.51460311294122, 126.49910824406943, 150, '', 0),
  (433, 49, 7, 'Corvette', 33.51460311294122, 126.49910824406943, 140, '', 0),
  (434, 50, 9, 'Ironclad', 37.97249879177614, 124.65856201610687, 200, '', 0),
  (435, 50, 2, 'Cruisers', 37.97249879177614, 124.65856201610687, 150, '', 0),
  (436, 50, 0, 'Aircraft carriers', 37.97249879177614, 124.65856201610687, 180, '', 0),
  (437, 50, 0, 'Aircraft carriers', 37.97249879177614, 124.65856201610687, 180, '', 0),
  (438, 50, 6, 'Mine countermeasures ships', 37.97249879177614, 124.65856201610687, 90, '', 0),
  (439, 50, 9, 'Ironclad', 37.97249879177614, 124.65856201610687, 200, '', 0),
  (440, 50, 1, 'Amphibious warfare ships', 37.97249879177614, 124.65856201610687, 100, '', 0),
  (441, 51, 9, 'Ironclad', -22.894736580560483, -43.17310959068612, 200, '', 0),
  (442, 51, 5, 'Littoral combat ships', -22.894736580560483, -43.17310959068612, 110, '', 0),
  (443, 51, 3, 'Destroyers', -22.894736580560483, -43.17310959068612, 150, '', 0),
  (444, 51, 3, 'Destroyers', -22.894736580560483, -43.17310959068612, 150, '', 0),
  (445, 51, 1, 'Amphibious warfare ships', -22.894736580560483, -43.17310959068612, 100, '', 0),
  (446, 51, 7, 'Corvette', -22.894736580560483, -43.17310959068612, 140, '', 0),
  (447, 52, 6, 'Mine countermeasures ships', 44.10380663009697, 9.812453401801635, 90, '', 0),
  (448, 52, 2, 'Cruisers', 44.10380663009697, 9.812453401801635, 150, '', 0),
  (449, 52, 5, 'Littoral combat ships', 44.10380663009697, 9.812453401801635, 110, '', 0),
  (450, 52, 1, 'Amphibious warfare ships', 44.10380663009697, 9.812453401801635, 100, '', 0),
  (451, 52, 6, 'Mine countermeasures ships', 44.10380663009697, 9.812453401801635, 90, '', 0),
  (452, 52, 7, 'Corvette', 44.10380663009697, 9.812453401801635, 140, '', 0),
  (453, 52, 6, 'Mine countermeasures ships', 44.10380663009697, 9.812453401801635, 90, '', 0),
  (454, 52, 7, 'Corvette', 44.10380663009697, 9.812453401801635, 140, '', 0),
  (455, 52, 0, 'Aircraft carriers', 44.10380663009697, 9.812453401801635, 180, '', 0),
  (456, 52, 2, 'Cruisers', 44.10380663009697, 9.812453401801635, 150, '', 0),
  (457, 52, 0, 'Aircraft carriers', 44.10380663009697, 9.812453401801635, 180, '', 0),
  (458, 53, 0, 'Aircraft carriers', 44.06951152620121, 9.842290591713263, 180, '', 0),
  (459, 53, 9, 'Ironclad', 44.06951152620121, 9.842290591713263, 200, '', 0),
  (460, 53, 7, 'Corvette', 44.06951152620121, 9.842290591713263, 140, '', 0),
  (461, 53, 1, 'Amphibious warfare ships', 44.06951152620121, 9.842290591713263, 100, '', 0),
  (462, 53, 6, 'Mine countermeasures ships', 44.06951152620121, 9.842290591713263, 90, '', 0),
  (463, 53, 9, 'Ironclad', 44.06951152620121, 9.842290591713263, 200, '', 0),
  (464, 53, 4, 'Frigates', 44.06951152620121, 9.842290591713263, 120, '', 0),
  (465, 53, 0, 'Aircraft carriers', 44.06951152620121, 9.842290591713263, 180, '', 0),
  (466, 53, 4, 'Frigates', 44.06951152620121, 9.842290591713263, 120, '', 0),
  (467, 53, 6, 'Mine countermeasures ships', 44.06951152620121, 9.842290591713263, 90, '', 0),
  (468, 54, 8, 'Submarines', 25.873713872125744, 55.03835565742929, 40, '', 0),
  (469, 54, 3, 'Destroyers', 25.873713872125744, 55.03835565742929, 150, '', 0),
  (470, 54, 3, 'Destroyers', 25.873713872125744, 55.03835565742929, 150, '', 0),
  (471, 54, 2, 'Cruisers', 25.873713872125744, 55.03835565742929, 150, '', 0),
  (472, 54, 9, 'Ironclad', 25.873713872125744, 55.03835565742929, 200, '', 0),
  (473, 54, 1, 'Amphibious warfare ships', 25.873713872125744, 55.03835565742929, 100, '', 0),
  (474, 55, 8, 'Submarines', 28.889689553952792, 50.89799681618702, 40, '', 0),
  (475, 55, 3, 'Destroyers', 28.889689553952792, 50.89799681618702, 150, '', 0),
  (476, 55, 5, 'Littoral combat ships', 28.889689553952792, 50.89799681618702, 110, '', 0),
  (477, 55, 1, 'Amphibious warfare ships', 28.889689553952792, 50.89799681618702, 100, '', 0),
  (478, 55, 4, 'Frigates', 28.889689553952792, 50.89799681618702, 120, '', 0),
  (479, 55, 1, 'Amphibious warfare ships', 28.889689553952792, 50.89799681618702, 100, '', 0),
  (480, 55, 6, 'Mine countermeasures ships', 28.889689553952792, 50.89799681618702, 90, '', 0),
  (481, 55, 2, 'Cruisers', 28.889689553952792, 50.89799681618702, 150, '', 0),
  (482, 55, 2, 'Cruisers', 28.889689553952792, 50.89799681618702, 150, '', 0),
  (483, 55, 7, 'Corvette', 28.889689553952792, 50.89799681618702, 140, '', 0),
  (484, 55, 0, 'Aircraft carriers', 28.889689553952792, 50.89799681618702, 180, '', 0),
  (485, 56, 1, 'Amphibious warfare ships', 27.202154407780846, 56.09730540049859, 100, '', 0),
  (486, 56, 4, 'Frigates', 27.202154407780846, 56.09730540049859, 120, '', 0),
  (487, 56, 9, 'Ironclad', 27.202154407780846, 56.09730540049859, 200, '', 0),
  (488, 56, 0, 'Aircraft carriers', 27.202154407780846, 56.09730540049859, 180, '', 0),
  (489, 56, 3, 'Destroyers', 27.202154407780846, 56.09730540049859, 150, '', 0),
  (490, 56, 0, 'Aircraft carriers', 27.202154407780846, 56.09730540049859, 180, '', 0),
  (491, 56, 5, 'Littoral combat ships', 27.202154407780846, 56.09730540049859, 110, '', 0),
  (492, 56, 8, 'Submarines', 27.202154407780846, 56.09730540049859, 40, '', 0),
  (493, 57, 3, 'Destroyers', 24.806993317447752, 54.64432272365182, 150, '', 0),
  (494, 57, 3, 'Destroyers', 24.806993317447752, 54.64432272365182, 150, '', 0),
  (495, 57, 5, 'Littoral combat ships', 24.806993317447752, 54.64432272365182, 110, '', 0),
  (496, 57, 1, 'Amphibious warfare ships', 24.806993317447752, 54.64432272365182, 100, '', 0),
  (497, 57, 1, 'Amphibious warfare ships', 24.806993317447752, 54.64432272365182, 100, '', 0),
  (498, 57, 8, 'Submarines', 24.806993317447752, 54.64432272365182, 40, '', 0),
  (499, 57, 6, 'Mine countermeasures ships', 24.806993317447752, 54.64432272365182, 90, '', 0),
  (500, 57, 5, 'Littoral combat ships', 24.806993317447752, 54.64432272365182, 110, '', 0),
  (501, 57, 1, 'Amphibious warfare ships', 24.806993317447752, 54.64432272365182, 100, '', 0),
  (502, 57, 2, 'Cruisers', 24.806993317447752, 54.64432272365182, 150, '', 0),
  (503, 58, 9, 'Ironclad', 24.521683834957045, 54.389629955356, 200, '', 0),
  (504, 58, 0, 'Aircraft carriers', 24.521683834957045, 54.389629955356, 180, '', 0),
  (505, 58, 5, 'Littoral combat ships', 24.521683834957045, 54.389629955356, 110, '', 0),
  (506, 58, 8, 'Submarines', 24.521683834957045, 54.389629955356, 40, '', 0),
  (507, 58, 6, 'Mine countermeasures ships', 24.521683834957045, 54.389629955356, 90, '', 0),
  (508, 58, 1, 'Amphibious warfare ships', 24.521683834957045, 54.389629955356, 100, '', 0),
  (509, 58, 5, 'Littoral combat ships', 24.521683834957045, 54.389629955356, 110, '', 0),
  (510, 58, 9, 'Ironclad', 24.521683834957045, 54.389629955356, 200, '', 0),
  (511, 58, 3, 'Destroyers', 24.521683834957045, 54.389629955356, 150, '', 0),
  (512, 58, 3, 'Destroyers', 24.521683834957045, 54.389629955356, 150, '', 0),
  (513, 59, 0, 'Aircraft carriers', 24.36126468330724, 54.46235196327477, 180, '', 0),
  (514, 59, 8, 'Submarines', 24.36126468330724, 54.46235196327477, 40, '', 0),
  (515, 59, 3, 'Destroyers', 24.36126468330724, 54.46235196327477, 150, '', 0),
  (516, 59, 6, 'Mine countermeasures ships', 24.36126468330724, 54.46235196327477, 90, '', 0),
  (517, 59, 4, 'Frigates', 24.36126468330724, 54.46235196327477, 120, '', 0),
  (518, 59, 3, 'Destroyers', 24.36126468330724, 54.46235196327477, 150, '', 0),
  (519, 60, 5, 'Littoral combat ships', 25.023446904070937, 55.04062104875374, 110, '', 0),
  (520, 60, 4, 'Frigates', 25.023446904070937, 55.04062104875374, 120, '', 0),
  (521, 60, 0, 'Aircraft carriers', 25.023446904070937, 55.04062104875374, 180, '', 0),
  (522, 60, 1, 'Amphibious warfare ships', 25.023446904070937, 55.04062104875374, 100, '', 0),
  (523, 60, 6, 'Mine countermeasures ships', 25.023446904070937, 55.04062104875374, 90, '', 0),
  (524, 60, 3, 'Destroyers', 25.023446904070937, 55.04062104875374, 150, '', 0),
  (525, 60, 5, 'Littoral combat ships', 25.023446904070937, 55.04062104875374, 110, '', 0),
  (526, 60, 5, 'Littoral combat ships', 25.023446904070937, 55.04062104875374, 110, '', 0),
  (527, 60, 7, 'Corvette', 25.023446904070937, 55.04062104875374, 140, '', 0),
  (528, 60, 9, 'Ironclad', 25.023446904070937, 55.04062104875374, 200, '', 0),
  (529, 61, 1, 'Amphibious warfare ships', 36.834237289696425, 28.38974247880915, 100, '', 0),
  (530, 61, 5, 'Littoral combat ships', 36.834237289696425, 28.38974247880915, 110, '', 0),
  (531, 61, 4, 'Frigates', 36.834237289696425, 28.38974247880915, 120, '', 0),
  (532, 61, 1, 'Amphibious warfare ships', 36.834237289696425, 28.38974247880915, 100, '', 0),
  (533, 61, 8, 'Submarines', 36.834237289696425, 28.38974247880915, 40, '', 0),
  (534, 62, 2, 'Cruisers', 36.86730193056521, 28.36638207270377, 150, '', 0),
  (535, 62, 4, 'Frigates', 36.86730193056521, 28.36638207270377, 120, '', 0),
  (536, 62, 1, 'Amphibious warfare ships', 36.86730193056521, 28.36638207270377, 100, '', 0),
  (537, 62, 7, 'Corvette', 36.86730193056521, 28.36638207270377, 140, '', 0),
  (538, 62, 8, 'Submarines', 36.86730193056521, 28.36638207270377, 40, '', 0),
  (539, 62, 0, 'Aircraft carriers', 36.86730193056521, 28.36638207270377, 180, '', 0),
  (540, 62, 4, 'Frigates', 36.86730193056521, 28.36638207270377, 120, '', 0),
  (541, 62, 4, 'Frigates', 36.86730193056521, 28.36638207270377, 120, '', 0),
  (542, 62, 5, 'Littoral combat ships', 36.86730193056521, 28.36638207270377, 110, '', 0),
  (543, 63, 0, 'Aircraft carriers', 40.39265491276081, 27.805001927921296, 180, '', 0),
  (544, 63, 3, 'Destroyers', 40.39265491276081, 27.805001927921296, 150, '', 0),
  (545, 63, 6, 'Mine countermeasures ships', 40.39265491276081, 27.805001927921296, 90, '', 0),
  (546, 63, 8, 'Submarines', 40.39265491276081, 27.805001927921296, 40, '', 0),
  (547, 63, 9, 'Ironclad', 40.39265491276081, 27.805001927921296, 200, '', 0),
  (548, 63, 9, 'Ironclad', 40.39265491276081, 27.805001927921296, 200, '', 0),
  (549, 63, 5, 'Littoral combat ships', 40.39265491276081, 27.805001927921296, 110, '', 0),
  (550, 63, 5, 'Littoral combat ships', 40.39265491276081, 27.805001927921296, 110, '', 0),
  (551, 63, 7, 'Corvette', 40.39265491276081, 27.805001927921296, 140, '', 0),
  (552, 64, 6, 'Mine countermeasures ships', 38.42977970626769, 26.38707917107506, 90, '', 0),
  (553, 64, 2, 'Cruisers', 38.42977970626769, 26.38707917107506, 150, '', 0),
  (554, 64, 2, 'Cruisers', 38.42977970626769, 26.38707917107506, 150, '', 0),
  (555, 64, 1, 'Amphibious warfare ships', 38.42977970626769, 26.38707917107506, 100, '', 0),
  (556, 64, 0, 'Aircraft carriers', 38.42977970626769, 26.38707917107506, 180, '', 0),
  (557, 64, 7, 'Corvette', 38.42977970626769, 26.38707917107506, 140, '', 0),
  (558, 65, 7, 'Corvette', 40.727591539935794, 29.80216542829193, 140, '', 0),
  (559, 65, 6, 'Mine countermeasures ships', 40.727591539935794, 29.80216542829193, 90, '', 0),
  (560, 65, 9, 'Ironclad', 40.727591539935794, 29.80216542829193, 200, '', 0),
  (561, 65, 0, 'Aircraft carriers', 40.727591539935794, 29.80216542829193, 180, '', 0),
  (562, 65, 9, 'Ironclad', 40.727591539935794, 29.80216542829193, 200, '', 0),
  (563, 65, 7, 'Corvette', 40.727591539935794, 29.80216542829193, 140, '', 0),
  (564, 65, 8, 'Submarines', 40.727591539935794, 29.80216542829193, 40, '', 0),
  (565, 65, 2, 'Cruisers', 40.727591539935794, 29.80216542829193, 150, '', 0),
  (566, 66, 5, 'Littoral combat ships', 44.64447389459235, -63.578642647169254, 110, '', 0),
  (567, 66, 2, 'Cruisers', 44.64447389459235, -63.578642647169254, 150, '', 0),
  (568, 66, 2, 'Cruisers', 44.64447389459235, -63.578642647169254, 150, '', 0),
  (569, 66, 5, 'Littoral combat ships', 44.64447389459235, -63.578642647169254, 110, '', 0),
  (570, 66, 9, 'Ironclad', 44.64447389459235, -63.578642647169254, 200, '', 0),
  (571, 66, 8, 'Submarines', 44.64447389459235, -63.578642647169254, 40, '', 0),
  (572, 66, 0, 'Aircraft carriers', 44.64447389459235, -63.578642647169254, 180, '', 0),
  (573, 66, 4, 'Frigates', 44.64447389459235, -63.578642647169254, 120, '', 0),
  (574, 66, 5, 'Littoral combat ships', 44.64447389459235, -63.578642647169254, 110, '', 0),
  (575, 66, 4, 'Frigates', 44.64447389459235, -63.578642647169254, 120, '', 0),
  (576, 67, 0, 'Aircraft carriers', 48.43503383977058, -123.41192135079866, 180, '', 0),
  (577, 67, 0, 'Aircraft carriers', 48.43503383977058, -123.41192135079866, 180, '', 0),
  (578, 67, 9, 'Ironclad', 48.43503383977058, -123.41192135079866, 200, '', 0),
  (579, 67, 2, 'Cruisers', 48.43503383977058, -123.41192135079866, 150, '', 0),
  (580, 67, 1, 'Amphibious warfare ships', 48.43503383977058, -123.41192135079866, 100, '', 0),
  (581, 67, 0, 'Aircraft carriers', 48.43503383977058, -123.41192135079866, 180, '', 0),
  (582, 67, 9, 'Ironclad', 48.43503383977058, -123.41192135079866, 200, '', 0),
  (583, 67, 1, 'Amphibious warfare ships', 48.43503383977058, -123.41192135079866, 100, '', 0),
  (584, 67, 0, 'Aircraft carriers', 48.43503383977058, -123.41192135079866, 180, '', 0);

--INSERT INTO Contrat(contrat_id, country_id_seller, batiment_type_id, amount, sub_contrat_id_1, sub_contrat_id_2, sub_contrat_id_3, sub_contrat_id_4)
--VALUES
